{"cameraMode":{"drawMode":0,"name":"Shaded","section":"Shading Mode"},"sceneLighting":true,"audioPlay":false,"sceneViewState":{"showFog":true,"showMaterialUpdate":false,"showSkybox":true,"showFlares":true,"showImageEffects":true,"showParticleSystems":true,"showVisualEffectGraphs":true,"m_FxEnabled":true},"in2DMode":false,"pivot":{"x":5.206667423248291,"y":-5.7138214111328129,"z":11.739715576171875},"rotation":{"x":0.17088553309440614,"y":0.04578126221895218,"z":-0.007931082509458065,"w":0.984223484992981},"size":4.2125444412231449,"orthographic":false}