{"cameraMode":{"drawMode":0,"name":"Shaded","section":"Shading Mode"},"sceneLighting":true,"audioPlay":false,"sceneViewState":{"showFog":true,"showMaterialUpdate":false,"showSkybox":true,"showFlares":true,"showImageEffects":true,"showParticleSystems":true,"showVisualEffectGraphs":true,"m_FxEnabled":true},"in2DMode":false,"pivot":{"x":17.290285110473634,"y":1.9237788915634156,"z":20.29770278930664},"rotation":{"x":-0.14516840875148774,"y":-0.27706193923950198,"z":0.04238395392894745,"w":-0.9488900899887085},"size":0.12138676643371582,"orthographic":false}