{"cameraMode":{"drawMode":0,"name":"Shaded","section":"Shading Mode"},"sceneLighting":true,"audioPlay":false,"sceneViewState":{"showFog":true,"showMaterialUpdate":false,"showSkybox":true,"showFlares":true,"showImageEffects":true,"showParticleSystems":true,"showVisualEffectGraphs":true,"m_FxEnabled":true},"in2DMode":false,"pivot":{"x":547.4864501953125,"y":317.2391662597656,"z":121.08721923828125},"rotation":{"x":-0.015610852278769017,"y":-0.007514200173318386,"z":-0.0000021529915557039205,"w":-0.9997953772544861},"size":146.9517364501953,"orthographic":false}