{"cameraMode":{"drawMode":0,"name":"Shaded","section":"Shading Mode"},"sceneLighting":true,"audioPlay":false,"sceneViewState":{"showFog":true,"showMaterialUpdate":false,"showSkybox":true,"showFlares":true,"showImageEffects":true,"showParticleSystems":true,"showVisualEffectGraphs":true,"m_FxEnabled":true},"in2DMode":false,"pivot":{"x":674.0415649414063,"y":364.0460205078125,"z":62.75933837890625},"rotation":{"x":0.011386754922568798,"y":-0.0045129284262657169,"z":-0.0001140913154813461,"w":-0.9998700618743897},"size":413.92156982421877,"orthographic":false}