{"cameraMode":{"drawMode":0,"name":"Shaded","section":"Shading Mode"},"sceneLighting":true,"audioPlay":false,"sceneViewState":{"showFog":true,"showMaterialUpdate":false,"showSkybox":true,"showFlares":true,"showImageEffects":true,"showParticleSystems":true,"showVisualEffectGraphs":true,"m_FxEnabled":true},"in2DMode":false,"pivot":{"x":463.76641845703127,"y":214.2904510498047,"z":1.47943115234375},"rotation":{"x":0.01230913307517767,"y":0.004495109431445599,"z":-0.000055016902479110286,"w":0.9999147057533264},"size":226.53285217285157,"orthographic":false}