{"cameraMode":{"drawMode":0,"name":"Shaded","section":"Shading Mode"},"sceneLighting":false,"audioPlay":false,"sceneViewState":{"showFog":true,"showMaterialUpdate":false,"showSkybox":false,"showFlares":true,"showImageEffects":true,"showParticleSystems":true,"showVisualEffectGraphs":true,"m_FxEnabled":true},"in2DMode":false,"pivot":{"x":-10.714903831481934,"y":-1.0300606489181519,"z":0.6564111709594727},"rotation":{"x":-0.0859639048576355,"y":0.022392574697732927,"z":0.001950743142515421,"w":0.9960733652114868},"size":4.47238302230835,"orthographic":false}